apt_id,profile,POI,CENA,M2,ZDJ,ATRAKCYJNOSC,price_pln_m2,size_m2,photos_count,TOP_PLUS,TOP_MINUS
A000,rodzinny,0.6141,0.9905,0.83,0.8647,0.7883,10720.0,58.2,10,"sklep(+1.00), przystanek_autobus(+1.00), szkola_przedszkole(+0.99)","pub(-0.24), klub(-0.15), stacja_kolej_metro(0.00)"
A000,studencki,0.6589,0.9905,1.0,0.8647,0.8535,10720.0,58.2,10,"sklep(+1.00), przystanek_autobus(+1.00), przystanek_tramwaj(+0.86)","stacja_kolej_metro(0.00), galeria(0.00), plac_zabaw(0.00)"
A000,singiel,0.6661,0.9905,1.0,0.8647,0.9064,10720.0,58.2,10,"sklep(+1.00), przystanek_autobus(+1.00), kawiarnia_restauracja(+1.00)","stacja_kolej_metro(0.00), szkola_przedszkole(0.00), galeria(0.00)"
A000,wlasciciel_psa,0.5941,0.9905,1.0,0.8647,0.8087,10720.0,58.2,10,"sklep(+1.00), przystanek_autobus(+1.00), park(+0.99)","pub(-0.08), klub(-0.06), stacja_kolej_metro(0.00)"
A000,uniwersalny,0.6576,0.9905,1.0,0.8647,0.8746,10720.0,58.2,10,"sklep(+1.00), przystanek_autobus(+1.00), przystanek_tramwaj(+0.86)","stacja_kolej_metro(0.00), galeria(0.00), sklep_zoologiczny(0.03)"
A001,rodzinny,0.4558,0.7465,0.1325,0.5507,0.3894,11838.0,30.3,4,"szkola_przedszkole(+0.95), przystanek_autobus(+0.86), park(+0.67)","pub(-0.01), stacja_kolej_metro(0.00), sklep_zoologiczny(0.00)"
A001,studencki,0.3387,0.7465,0.412,0.5507,0.5067,11838.0,30.3,4,"przystanek_autobus(+0.86), biblioteka(+0.64), sklep(+0.62)","stacja_kolej_metro(0.00), klub(0.00), galeria(0.00)"
A001,singiel,0.3598,0.7465,0.412,0.5507,0.523,11838.0,30.3,4,"przystanek_autobus(+0.86), sklep(+0.62), kawiarnia_restauracja(+0.54)","stacja_kolej_metro(0.00), szkola_przedszkole(0.00), galeria(0.00)"
A001,wlasciciel_psa,0.4132,0.7465,0.1767,0.5507,0.4158,11838.0,30.3,4,"przystanek_autobus(+0.86), park(+0.67), sklep(+0.62)","pub(-0.00), stacja_kolej_metro(0.00), sklep_zoologiczny(0.00)"
A001,uniwersalny,0.4375,0.7465,0.2515,0.5507,0.4759,11838.0,30.3,4,"przystanek_autobus(+0.86), plac_zabaw(+0.65), sklep(+0.62)","stacja_kolej_metro(0.00), galeria(0.00), klub(0.00)"
A002,rodzinny,0.2527,0.0962,1.0,0.5507,0.5352,14818.0,68.0,4,"przystanek_autobus(+0.98), park(+0.89), przystanek_tramwaj(+0.75)","pub(-0.02), stacja_kolej_metro(0.00), galeria(0.00)"
A002,studencki,0.2543,0.0962,1.0,0.5507,0.3629,14818.0,68.0,4,"przystanek_autobus(+0.98), uczelnia(+0.85), przystanek_tramwaj(+0.75)","biblioteka(0.00), stacja_kolej_metro(0.00), klub(0.00)"
A002,singiel,0.2138,0.0962,1.0,0.5507,0.4647,14818.0,68.0,4,"przystanek_autobus(+0.98), przystanek_tramwaj(+0.75), park(+0.58)","silownia(0.00), stacja_kolej_metro(0.00), bank_atm(0.00)"
A002,wlasciciel_psa,0.2499,0.0962,1.0,0.5507,0.4592,14818.0,68.0,4,"przystanek_autobus(+0.98), park(+0.89), przystanek_tramwaj(+0.75)","pub(-0.01), weterynarz(0.00), galeria(0.00)"
A002,uniwersalny,0.2371,0.0962,1.0,0.5507,0.4778,14818.0,68.0,4,"przystanek_autobus(+0.98), przystanek_tramwaj(+0.75), park(+0.58)","biblioteka(0.00), stacja_kolej_metro(0.00), galeria(0.00)"
A003,rodzinny,0.7897,0.5259,0.52,0.7534,0.6272,12849.0,45.8,7,"sklep(+1.00), szkola_przedszkole(+1.00), przystanek_autobus(+1.00)","klub(-0.37), pub(-0.30), stacja_kolej_metro(0.00)"
A003,studencki,0.8761,0.5259,1.0,0.7534,0.7722,12849.0,45.8,7,"sklep(+1.00), przystanek_autobus(+1.00), przystanek_tramwaj(+1.00)","stacja_kolej_metro(0.00), galeria(0.00), plac_zabaw(0.00)"
A003,singiel,0.8691,0.5259,1.0,0.7534,0.789,12849.0,45.8,7,"sklep(+1.00), kawiarnia_restauracja(+1.00), przystanek_autobus(+1.00)","stacja_kolej_metro(0.00), szkola_przedszkole(0.00), galeria(0.00)"
A003,wlasciciel_psa,0.8451,0.5259,0.6933,0.7534,0.7312,12849.0,45.8,7,"sklep(+1.00), przystanek_autobus(+1.00), przystanek_tramwaj(+1.00)","klub(-0.15), pub(-0.10), stacja_kolej_metro(0.00)"
A003,uniwersalny,0.8878,0.5259,0.7212,0.7534,0.7272,12849.0,45.8,7,"sklep(+1.00), przystanek_autobus(+1.00), przystanek_tramwaj(+1.00)","stacja_kolej_metro(0.00), galeria(0.00), klub(0.26)"
A004,rodzinny,0.0338,0.2407,0.34,0.6321,0.2276,14156.0,38.6,5,"przystanek_autobus(+0.46), apteka(+0.00), szpital_przychodnia(+0.00)","szpital_przychodnia(0.00), apteka(0.00), sklep(0.00)"
A004,studencki,0.034,0.2407,0.744,0.6321,0.2782,14156.0,38.6,5,"przystanek_autobus(+0.46), szpital_przychodnia(+0.00), apteka(+0.00)","szpital_przychodnia(0.00), apteka(0.00), sklep(0.00)"
A004,singiel,0.0367,0.2407,0.744,0.6321,0.3854,14156.0,38.6,5,"przystanek_autobus(+0.46), szpital_przychodnia(+0.00), apteka(+0.00)","szpital_przychodnia(0.00), apteka(0.00), sklep(0.00)"
A004,wlasciciel_psa,0.0366,0.2407,0.4533,0.6321,0.2322,14156.0,38.6,5,"przystanek_autobus(+0.46), apteka(+0.00), szpital_przychodnia(+0.00)","szpital_przychodnia(0.00), apteka(0.00), sklep(0.00)"
A004,uniwersalny,0.0343,0.2407,0.503,0.6321,0.3162,14156.0,38.6,5,"przystanek_autobus(+0.46), apteka(+0.00), szpital_przychodnia(+0.00)","szpital_przychodnia(0.00), apteka(0.00), sklep(0.00)"
A005,rodzinny,0.0379,0.3753,0.3525,0.7534,0.267,13539.0,39.1,7,"park(+0.29), przystanek_autobus(+0.15), plac_zabaw(+0.05)","szpital_przychodnia(0.00), apteka(0.00), sklep(0.00)"
A005,studencki,0.0369,0.3753,0.764,0.7534,0.3366,13539.0,39.1,7,"park(+0.19), przystanek_autobus(+0.15), uczelnia(+0.14)","szpital_przychodnia(0.00), apteka(0.00), sklep(0.00)"
A005,singiel,0.0291,0.3753,0.764,0.7534,0.4437,13539.0,39.1,7,"park(+0.19), przystanek_autobus(+0.15), przystanek_tramwaj(+0.03)","szpital_przychodnia(0.00), apteka(0.00), sklep(0.00)"
A005,wlasciciel_psa,0.0391,0.3753,0.47,0.7534,0.2713,13539.0,39.1,7,"park(+0.29), przystanek_autobus(+0.15), przystanek_tramwaj(+0.03)","szpital_przychodnia(0.00), apteka(0.00), sklep(0.00)"
A005,uniwersalny,0.031,0.3753,0.5182,0.7534,0.3716,13539.0,39.1,7,"park(+0.19), przystanek_autobus(+0.15), plac_zabaw(+0.05)","szpital_przychodnia(0.00), apteka(0.00), sklep(0.00)"
A006,rodzinny,0.7448,0.8522,0.5525,0.6988,0.6871,11354.0,47.1,6,"sklep(+1.00), szkola_przedszkole(+1.00), przystanek_autobus(+1.00)","pub(-0.26), klub(-0.07), stacja_kolej_metro(0.00)"
A006,studencki,0.745,0.8522,1.0,0.6988,0.8312,11354.0,47.1,6,"sklep(+1.00), przystanek_autobus(+1.00), przystanek_tramwaj(+1.00)","stacja_kolej_metro(0.00), galeria(0.00), plac_zabaw(0.00)"
A006,singiel,0.724,0.8522,1.0,0.6988,0.8642,11354.0,47.1,6,"sklep(+1.00), przystanek_autobus(+1.00), przystanek_tramwaj(+1.00)","stacja_kolej_metro(0.00), szkola_przedszkole(0.00), galeria(0.00)"
A006,wlasciciel_psa,0.7653,0.8522,0.7367,0.6988,0.7708,11354.0,47.1,6,"sklep(+1.00), przystanek_autobus(+1.00), przystanek_tramwaj(+1.00)","pub(-0.09), klub(-0.03), stacja_kolej_metro(0.00)"
A006,uniwersalny,0.7843,0.8522,0.7606,0.6988,0.7813,11354.0,47.1,6,"sklep(+1.00), przystanek_autobus(+1.00), przystanek_tramwaj(+1.00)","stacja_kolej_metro(0.00), galeria(0.00), klub(0.05)"
A007,rodzinny,0.8151,0.3891,0.4375,0.6321,0.5697,13476.0,42.5,5,"sklep(+1.00), szkola_przedszkole(+1.00), przystanek_autobus(+1.00)","pub(-0.30), klub(-0.08), stacja_kolej_metro(0.00)"
A007,studencki,0.8117,0.3891,0.9,0.6321,0.6725,13476.0,42.5,5,"sklep(+1.00), przystanek_autobus(+1.00), przystanek_tramwaj(+1.00)","stacja_kolej_metro(0.00), galeria(0.00), plac_zabaw(0.00)"
A007,singiel,0.8257,0.3891,0.9,0.6321,0.6892,13476.0,42.5,5,"sklep(+1.00), kawiarnia_restauracja(+1.00), przystanek_autobus(+1.00)","stacja_kolej_metro(0.00), szkola_przedszkole(0.00), galeria(0.00)"
A007,wlasciciel_psa,0.8589,0.3891,0.5833,0.6321,0.6709,13476.0,42.5,5,"sklep(+1.00), przystanek_autobus(+1.00), przystanek_tramwaj(+1.00)","pub(-0.10), klub(-0.03), stacja_kolej_metro(0.00)"
A007,uniwersalny,0.8776,0.3891,0.6212,0.6321,0.6417,13476.0,42.5,5,"sklep(+1.00), przystanek_autobus(+1.00), przystanek_tramwaj(+1.00)","stacja_kolej_metro(0.00), galeria(0.00), klub(0.06)"
A008,rodzinny,0.0855,0.7265,1.0,0.5507,0.6027,11930.0,80.1,4,"przystanek_autobus(+0.89), sklep(+0.18), plac_zabaw(+0.05)","szpital_przychodnia(0.00), apteka(0.00), przystanek_tramwaj(0.00)"
A008,studencki,0.0811,0.7265,1.0,0.5507,0.5142,11930.0,80.1,4,"przystanek_autobus(+0.89), sklep(+0.18), bank_atm(+0.02)","szpital_przychodnia(0.00), apteka(0.00), przystanek_tramwaj(0.00)"
A008,singiel,0.0877,0.7265,1.0,0.5507,0.6537,11930.0,80.1,4,"przystanek_autobus(+0.89), sklep(+0.18), bank_atm(+0.02)","szpital_przychodnia(0.00), apteka(0.00), przystanek_tramwaj(0.00)"
A008,wlasciciel_psa,0.0912,0.7265,1.0,0.5507,0.5139,11930.0,80.1,4,"przystanek_autobus(+0.89), sklep(+0.18), park(+0.03)","szpital_przychodnia(0.00), apteka(0.00), przystanek_tramwaj(0.00)"
A008,uniwersalny,0.0861,0.7265,1.0,0.5507,0.59,11930.0,80.1,4,"przystanek_autobus(+0.89), sklep(+0.18), plac_zabaw(+0.05)","szpital_przychodnia(0.00), apteka(0.00), przystanek_tramwaj(0.00)"
A009,rodzinny,0.7915,0.7286,0.3225,0.5507,0.5793,11920.0,37.9,4,"szkola_przedszkole(+1.00), sklep(+1.00), przystanek_tramwaj(+1.00)","pub(-0.22), stacja_kolej_metro(0.00), klub(-0.00)"
A009,studencki,0.6907,0.7286,0.716,0.5507,0.702,11920.0,37.9,4,"sklep(+1.00), przystanek_tramwaj(+1.00), przystanek_autobus(+0.97)","stacja_kolej_metro(0.00), klub(0.00), galeria(0.00)"
A009,singiel,0.7607,0.7286,0.716,0.5507,0.7233,11920.0,37.9,4,"sklep(+1.00), kawiarnia_restauracja(+1.00), przystanek_tramwaj(+1.00)","stacja_kolej_metro(0.00), szkola_przedszkole(0.00), galeria(0.00)"
A009,wlasciciel_psa,0.8316,0.7286,0.43,0.5507,0.6765,11920.0,37.9,4,"sklep(+1.00), przystanek_tramwaj(+1.00), park(+0.99)","pub(-0.07), stacja_kolej_metro(0.00), galeria(0.00)"
A009,uniwersalny,0.8286,0.7286,0.4818,0.5507,0.6579,11920.0,37.9,4,"sklep(+1.00), przystanek_tramwaj(+1.00), przystanek_autobus(+0.97)","stacja_kolej_metro(0.00), galeria(0.00), klub(0.00)"
A010,rodzinny,0.6603,0.5639,0.5875,0.3297,0.5954,12675.0,48.5,2,"przystanek_autobus(+1.00), sklep(+1.00), szkola_przedszkole(+1.00)","pub(-0.07), stacja_kolej_metro(0.00), klub(-0.00)"
A010,studencki,0.5568,0.5639,1.0,0.3297,0.6366,12675.0,48.5,2,"przystanek_autobus(+1.00), sklep(+1.00), silownia(+0.97)","uczelnia(0.00), stacja_kolej_metro(0.00), galeria(0.00)"
A010,singiel,0.6196,0.5639,1.0,0.3297,0.7187,12675.0,48.5,2,"przystanek_autobus(+1.00), sklep(+1.00), silownia(+0.97)","stacja_kolej_metro(0.00), szkola_przedszkole(0.00), galeria(0.00)"
A010,wlasciciel_psa,0.6565,0.5639,0.7833,0.3297,0.6597,12675.0,48.5,2,"przystanek_autobus(+1.00), sklep(+1.00), park(+0.88)","pub(-0.02), stacja_kolej_metro(0.00), galeria(0.00)"
A010,uniwersalny,0.6721,0.5639,0.803,0.3297,0.633,12675.0,48.5,2,"przystanek_autobus(+1.00), sklep(+1.00), przystanek_tramwaj(+0.77)","stacja_kolej_metro(0.00), galeria(0.00), klub(0.00)"
A011,rodzinny,0.2377,1.0,0.585,0.7981,0.5571,9753.0,48.4,8,"przystanek_tramwaj(+1.00), park(+0.49), biblioteka(+0.43)","pub(-0.18), szpital_przychodnia(0.00), stacja_kolej_metro(0.00)"
A011,studencki,0.3128,1.0,1.0,0.7981,0.715,9753.0,48.4,8,"przystanek_tramwaj(+1.00), biblioteka(+0.66), uczelnia(+0.60)","szpital_przychodnia(0.00), apteka(0.00), stacja_kolej_metro(0.00)"
A011,singiel,0.2653,1.0,1.0,0.7981,0.8062,9753.0,48.4,8,"przystanek_tramwaj(+1.00), pub(+0.59), przystanek_autobus(+0.35)","szpital_przychodnia(0.00), apteka(0.00), stacja_kolej_metro(0.00)"
A011,wlasciciel_psa,0.2408,1.0,0.78,0.7981,0.5823,9753.0,48.4,8,"przystanek_tramwaj(+1.00), park(+0.49), przystanek_autobus(+0.35)","pub(-0.06), szpital_przychodnia(0.00), stacja_kolej_metro(0.00)"
A011,uniwersalny,0.2593,1.0,0.8,0.7981,0.6875,9753.0,48.4,8,"przystanek_tramwaj(+1.00), biblioteka(+0.43), przystanek_autobus(+0.35)","szpital_przychodnia(0.00), apteka(0.00), stacja_kolej_metro(0.00)"
A012,rodzinny,0.2124,0.1337,0.585,0.6321,0.3667,14646.0,48.4,5,"przystanek_autobus(+1.00), szkola_przedszkole(+0.71), plac_zabaw(+0.47)","szpital_przychodnia(0.00), stacja_kolej_metro(0.00), przystanek_tramwaj(0.00)"
A012,studencki,0.1296,0.1337,1.0,0.6321,0.3303,14646.0,48.4,5,"przystanek_autobus(+1.00), biblioteka(+0.15), bank_atm(+0.14)","szpital_przychodnia(0.00), stacja_kolej_metro(0.00), przystanek_tramwaj(0.00)"
A012,singiel,0.1334,0.1337,1.0,0.6321,0.4618,14646.0,48.4,5,"przystanek_autobus(+1.00), bank_atm(+0.14), sklep(+0.12)","szpital_przychodnia(0.00), stacja_kolej_metro(0.00), przystanek_tramwaj(0.00)"
A012,wlasciciel_psa,0.1701,0.1337,0.78,0.6321,0.3689,14646.0,48.4,5,"przystanek_autobus(+1.00), plac_zabaw(+0.25), szkola_przedszkole(+0.25)","szpital_przychodnia(0.00), weterynarz(0.00), przystanek_tramwaj(0.00)"
A012,uniwersalny,0.1943,0.1337,0.8,0.6321,0.4266,14646.0,48.4,5,"przystanek_autobus(+1.00), plac_zabaw(+0.47), szkola_przedszkole(+0.46)","szpital_przychodnia(0.00), stacja_kolej_metro(0.00), przystanek_tramwaj(0.00)"
A013,rodzinny,0.2668,0.8657,0.595,0.6988,0.5395,11292.0,48.8,6,"park(+0.89), przystanek_autobus(+0.76), przystanek_tramwaj(+0.69)","pub(-0.06), stacja_kolej_metro(0.00), galeria(0.00)"
A013,studencki,0.2751,0.8657,1.0,0.6988,0.648,11292.0,48.8,6,"uczelnia(+0.85), przystanek_autobus(+0.76), przystanek_tramwaj(+0.69)","biblioteka(0.00), stacja_kolej_metro(0.00), klub(0.00)"
A013,singiel,0.2353,0.8657,1.0,0.6988,0.7468,11292.0,48.8,6,"przystanek_autobus(+0.76), przystanek_tramwaj(+0.69), park(+0.58)","silownia(0.00), stacja_kolej_metro(0.00), szkola_przedszkole(0.00)"
A013,wlasciciel_psa,0.2665,0.8657,0.7933,0.6988,0.566,11292.0,48.8,6,"park(+0.89), przystanek_autobus(+0.76), przystanek_tramwaj(+0.69)","pub(-0.02), weterynarz(0.00), sklep_zoologiczny(0.00)"
A013,uniwersalny,0.2568,0.8657,0.8121,0.6988,0.6419,11292.0,48.8,6,"przystanek_autobus(+0.76), przystanek_tramwaj(+0.69), plac_zabaw(+0.59)","biblioteka(0.00), stacja_kolej_metro(0.00), galeria(0.00)"
A014,rodzinny,0.6754,0.2093,0.4075,0.8347,0.483,14300.0,41.3,9,"przystanek_autobus(+1.00), szkola_przedszkole(+1.00), park(+1.00)","pub(-0.20), klub(-0.09), stacja_kolej_metro(0.00)"
A014,studencki,0.6757,0.2093,0.852,0.8347,0.5557,14300.0,41.3,9,"przystanek_autobus(+1.00), sklep(+0.99), przystanek_tramwaj(+0.99)","stacja_kolej_metro(0.00), galeria(0.00), plac_zabaw(0.00)"
A014,singiel,0.6596,0.2093,0.852,0.8347,0.5781,14300.0,41.3,9,"przystanek_autobus(+1.00), sklep(+0.99), przystanek_tramwaj(+0.99)","stacja_kolej_metro(0.00), szkola_przedszkole(0.00), galeria(0.00)"
A014,wlasciciel_psa,0.6799,0.2093,0.5433,0.8347,0.5525,14300.0,41.3,9,"przystanek_autobus(+1.00), park(+1.00), sklep(+0.99)","pub(-0.07), klub(-0.03), stacja_kolej_metro(0.00)"
A014,uniwersalny,0.7081,0.2093,0.5848,0.8347,0.5654,14300.0,41.3,9,"przystanek_autobus(+1.00), sklep(+0.99), przystanek_tramwaj(+0.99)","stacja_kolej_metro(0.00), galeria(0.00), klub(0.06)"
A015,rodzinny,0.1048,0.5486,0.37,0.6321,0.326,12745.0,39.8,5,"przystanek_autobus(+0.42), plac_zabaw(+0.31), sklep(+0.19)","szpital_przychodnia(0.00), apteka(0.00), przystanek_tramwaj(0.00)"
A015,studencki,0.0716,0.5486,0.792,0.6321,0.4107,12745.0,39.8,5,"przystanek_autobus(+0.42), sklep(+0.19), uczelnia(+0.13)","szpital_przychodnia(0.00), apteka(0.00), przystanek_tramwaj(0.00)"
A015,singiel,0.0702,0.5486,0.792,0.6321,0.5184,12745.0,39.8,5,"przystanek_autobus(+0.42), sklep(+0.19), park(+0.11)","szpital_przychodnia(0.00), apteka(0.00), przystanek_tramwaj(0.00)"
A015,wlasciciel_psa,0.0964,0.5486,0.4933,0.6321,0.3327,12745.0,39.8,5,"przystanek_autobus(+0.42), sklep(+0.19), plac_zabaw(+0.17)","szpital_przychodnia(0.00), apteka(0.00), przystanek_tramwaj(0.00)"
A015,uniwersalny,0.0991,0.5486,0.5394,0.6321,0.4235,12745.0,39.8,5,"przystanek_autobus(+0.42), plac_zabaw(+0.31), sklep(+0.19)","szpital_przychodnia(0.00), apteka(0.00), przystanek_tramwaj(0.00)"
A016,rodzinny,0.7299,0.0002,0.2725,0.6988,0.3994,15258.0,35.9,6,"przystanek_autobus(+1.00), przystanek_tramwaj(+1.00), sklep(+1.00)","klub(-0.50), pub(-0.25), stacja_kolej_metro(0.00)"
A016,studencki,0.8496,0.0002,0.636,0.6988,0.502,15258.0,35.9,6,"przystanek_autobus(+1.00), przystanek_tramwaj(+1.00), sklep(+1.00)","stacja_kolej_metro(0.00), galeria(0.00), plac_zabaw(0.00)"
A016,singiel,0.8383,0.0002,0.636,0.6988,0.4672,15258.0,35.9,6,"kawiarnia_restauracja(+1.00), przystanek_autobus(+1.00), przystanek_tramwaj(+1.00)","stacja_kolej_metro(0.00), szkola_przedszkole(0.00), galeria(0.00)"
A016,wlasciciel_psa,0.7562,0.0002,0.3633,0.6988,0.4842,15258.0,35.9,6,"przystanek_autobus(+1.00), przystanek_tramwaj(+1.00), sklep(+1.00)","klub(-0.20), pub(-0.08), stacja_kolej_metro(0.00)"
A016,uniwersalny,0.8237,0.0002,0.4212,0.6988,0.4783,15258.0,35.9,6,"przystanek_autobus(+1.00), przystanek_tramwaj(+1.00), sklep(+1.00)","stacja_kolej_metro(0.00), galeria(0.00), pub(0.29)"
A017,rodzinny,0.116,0.8613,0.055,0.4512,0.2574,11312.0,27.2,3,"park(+0.29), szkola_przedszkole(+0.26), sklep(+0.22)","przystanek_tramwaj(0.00), stacja_kolej_metro(0.00), weterynarz(0.00)"
A017,studencki,0.091,0.8613,0.288,0.4512,0.418,11312.0,27.2,3,"sklep(+0.22), biblioteka(+0.22), park(+0.19)","przystanek_tramwaj(0.00), stacja_kolej_metro(0.00), klub(0.00)"
A017,singiel,0.0907,0.8613,0.288,0.4512,0.4475,11312.0,27.2,3,"sklep(+0.22), park(+0.19), bank_atm(+0.18)","przystanek_tramwaj(0.00), silownia(0.00), stacja_kolej_metro(0.00)"
A017,wlasciciel_psa,0.1056,0.8613,0.0733,0.4512,0.2643,11312.0,27.2,3,"park(+0.29), sklep(+0.22), bank_atm(+0.18)","przystanek_tramwaj(0.00), weterynarz(0.00), stacja_kolej_metro(0.00)"
A017,uniwersalny,0.1069,0.8613,0.1576,0.4512,0.3624,11312.0,27.2,3,"sklep(+0.22), park(+0.19), bank_atm(+0.18)","przystanek_tramwaj(0.00), stacja_kolej_metro(0.00), galeria(0.00)"
A018,rodzinny,0.7966,0.7245,0.65,0.5507,0.7113,11939.0,51.0,4,"szkola_przedszkole(+1.00), przystanek_autobus(+1.00), park(+1.00)","pub(-0.30), stacja_kolej_metro(0.00), klub(-0.00)"
A018,studencki,0.7958,0.7245,1.0,0.5507,0.7994,11939.0,51.0,4,"przystanek_autobus(+1.00), pub(+1.00), sklep(+0.97)","stacja_kolej_metro(0.00), klub(0.00), galeria(0.00)"
A018,singiel,0.7886,0.7245,1.0,0.5507,0.8283,11939.0,51.0,4,"kawiarnia_restauracja(+1.00), przystanek_autobus(+1.00), pub(+1.00)","stacja_kolej_metro(0.00), szkola_przedszkole(0.00), galeria(0.00)"
A018,wlasciciel_psa,0.8356,0.7245,0.8667,0.5507,0.8085,11939.0,51.0,4,"przystanek_autobus(+1.00), park(+1.00), sklep_zoologiczny(+1.00)","pub(-0.10), stacja_kolej_metro(0.00), galeria(0.00)"
A018,uniwersalny,0.8477,0.7245,0.8788,0.5507,0.7817,11939.0,51.0,4,"przystanek_autobus(+1.00), sklep(+0.97), przystanek_tramwaj(+0.96)","stacja_kolej_metro(0.00), galeria(0.00), klub(0.00)"
A019,rodzinny,0.5283,0.4694,0.92,0.7981,0.6867,13108.0,61.8,8,"szkola_przedszkole(+0.90), sklep(+0.79), szpital_przychodnia(+0.75)","pub(-0.16), klub(-0.04), stacja_kolej_metro(0.00)"
A019,studencki,0.4005,0.4694,1.0,0.7981,0.5644,13108.0,61.8,8,"sklep(+0.79), szpital_przychodnia(+0.75), przystanek_autobus(+0.69)","stacja_kolej_metro(0.00), galeria(0.00), plac_zabaw(0.00)"
A019,singiel,0.4557,0.4694,1.0,0.7981,0.6681,13108.0,61.8,8,"sklep(+0.79), szpital_przychodnia(+0.75), przystanek_autobus(+0.69)","stacja_kolej_metro(0.00), szkola_przedszkole(0.00), galeria(0.00)"
A019,wlasciciel_psa,0.5542,0.4694,1.0,0.7981,0.6832,13108.0,61.8,8,"weterynarz(+0.86), sklep(+0.79), sklep_zoologiczny(+0.75)","pub(-0.05), klub(-0.02), stacja_kolej_metro(0.00)"
A019,uniwersalny,0.546,0.4694,1.0,0.7981,0.7009,13108.0,61.8,8,"sklep(+0.79), szpital_przychodnia(+0.75), przystanek_autobus(+0.69)","stacja_kolej_metro(0.00), galeria(0.00), biblioteka(0.02)"
A020,rodzinny,0.1207,1.0,0.385,0.6988,0.4312,8527.0,40.4,6,"przystanek_autobus(+0.53), przystanek_tramwaj(+0.35), plac_zabaw(+0.18)","pub(-0.04), apteka(0.00), galeria(0.00)"
A020,studencki,0.1594,1.0,0.816,0.6988,0.6119,8527.0,40.4,6,"uczelnia(+0.65), przystanek_autobus(+0.53), przystanek_tramwaj(+0.35)","apteka(0.00), stacja_kolej_metro(0.00), biblioteka(0.00)"
A020,singiel,0.1274,1.0,0.816,0.6988,0.7024,8527.0,40.4,6,"przystanek_autobus(+0.53), przystanek_tramwaj(+0.35), pub(+0.14)","apteka(0.00), stacja_kolej_metro(0.00), silownia(0.00)"
A020,wlasciciel_psa,0.1206,1.0,0.5133,0.6988,0.4432,8527.0,40.4,6,"przystanek_autobus(+0.53), przystanek_tramwaj(+0.35), park(+0.13)","pub(-0.01), apteka(0.00), weterynarz(0.00)"
A020,uniwersalny,0.126,1.0,0.5576,0.6988,0.5599,8527.0,40.4,6,"przystanek_autobus(+0.53), przystanek_tramwaj(+0.35), plac_zabaw(+0.18)","apteka(0.00), stacja_kolej_metro(0.00), biblioteka(0.00)"
A021,rodzinny,0.7093,0.2769,0.38,0.7534,0.4933,13990.0,40.2,7,"przystanek_autobus(+1.00), sklep(+1.00), szkola_przedszkole(+1.00)","klub(-0.36), pub(-0.25), stacja_kolej_metro(0.00)"
A021,studencki,0.7878,0.2769,0.808,0.7534,0.6113,13990.0,40.2,7,"przystanek_autobus(+1.00), sklep(+1.00), szpital_przychodnia(+0.94)","stacja_kolej_metro(0.00), galeria(0.00), plac_zabaw(0.00)"
A021,singiel,0.7891,0.2769,0.808,0.7534,0.6147,13990.0,40.2,7,"przystanek_autobus(+1.00), sklep(+1.00), szpital_przychodnia(+0.94)","stacja_kolej_metro(0.00), szkola_przedszkole(0.00), galeria(0.00)"
A021,wlasciciel_psa,0.7411,0.2769,0.5067,0.7534,0.5785,13990.0,40.2,7,"przystanek_autobus(+1.00), sklep(+1.00), park(+1.00)","klub(-0.14), pub(-0.08), stacja_kolej_metro(0.00)"
A021,uniwersalny,0.7907,0.2769,0.5515,0.7534,0.5849,13990.0,40.2,7,"przystanek_autobus(+1.00), sklep(+1.00), szpital_przychodnia(+0.94)","stacja_kolej_metro(0.00), galeria(0.00), klub(0.25)"
A022,rodzinny,0.1241,0.0,0.465,0.9093,0.2749,15275.0,43.6,12,"przystanek_tramwaj(+0.28), sklep(+0.27), szpital_przychodnia(+0.25)","pub(-0.05), stacja_kolej_metro(0.00), galeria(0.00)"
A022,studencki,0.119,0.0,0.944,0.9093,0.2819,15275.0,43.6,12,"przystanek_tramwaj(+0.28), sklep(+0.27), szpital_przychodnia(+0.25)","biblioteka(0.00), stacja_kolej_metro(0.00), klub(0.00)"
A022,singiel,0.1278,0.0,0.944,0.9093,0.4078,15275.0,43.6,12,"przystanek_tramwaj(+0.28), sklep(+0.27), szpital_przychodnia(+0.25)","silownia(0.00), stacja_kolej_metro(0.00), bank_atm(0.00)"
A022,wlasciciel_psa,0.1211,0.0,0.62,0.9093,0.2859,15275.0,43.6,12,"przystanek_tramwaj(+0.28), sklep(+0.27), szpital_przychodnia(+0.25)","pub(-0.02), weterynarz(0.00), galeria(0.00)"
A022,uniwersalny,0.1298,0.0,0.6545,0.9093,0.3717,15275.0,43.6,12,"przystanek_tramwaj(+0.28), sklep(+0.27), szpital_przychodnia(+0.25)","biblioteka(0.00), stacja_kolej_metro(0.00), galeria(0.00)"
A023,rodzinny,0.1685,0.1595,0.415,0.5507,0.2844,14528.0,41.6,4,"park(+0.89), przystanek_autobus(+0.82), plac_zabaw(+0.32)","szpital_przychodnia(0.00), apteka(0.00), sklep(0.00)"
A023,studencki,0.1619,0.1595,0.864,0.5507,0.3209,14528.0,41.6,4,"przystanek_autobus(+0.82), park(+0.58), uczelnia(+0.52)","szpital_przychodnia(0.00), apteka(0.00), sklep(0.00)"
A023,singiel,0.1335,0.1595,0.864,0.5507,0.4191,14528.0,41.6,4,"przystanek_autobus(+0.82), park(+0.58), przystanek_tramwaj(+0.29)","szpital_przychodnia(0.00), apteka(0.00), sklep(0.00)"
A023,wlasciciel_psa,0.171,0.1595,0.5533,0.5507,0.3024,14528.0,41.6,4,"park(+0.89), przystanek_autobus(+0.82), przystanek_tramwaj(+0.29)","szpital_przychodnia(0.00), apteka(0.00), sklep(0.00)"
A023,uniwersalny,0.1479,0.1595,0.5939,0.5507,0.345,14528.0,41.6,4,"przystanek_autobus(+0.82), park(+0.58), plac_zabaw(+0.32)","szpital_przychodnia(0.00), apteka(0.00), sklep(0.00)"
A024,rodzinny,0.2463,0.3055,0.0725,0.8347,0.2181,13859.0,27.9,9,"przystanek_tramwaj(+0.73), przystanek_autobus(+0.64), park(+0.52)","pub(-0.08), stacja_kolej_metro(0.00), galeria(0.00)"
A024,studencki,0.2623,0.3055,0.316,0.8347,0.3168,13859.0,27.9,9,"przystanek_tramwaj(+0.73), uczelnia(+0.65), przystanek_autobus(+0.64)","biblioteka(0.00), stacja_kolej_metro(0.00), klub(0.00)"
A024,singiel,0.2395,0.3055,0.316,0.8347,0.3191,13859.0,27.9,9,"przystanek_tramwaj(+0.73), przystanek_autobus(+0.64), park(+0.34)","silownia(0.00), stacja_kolej_metro(0.00), szkola_przedszkole(0.00)"
A024,wlasciciel_psa,0.2472,0.3055,0.0967,0.8347,0.2431,13859.0,27.9,9,"przystanek_tramwaj(+0.73), przystanek_autobus(+0.64), park(+0.52)","pub(-0.03), weterynarz(0.00), sklep_zoologiczny(0.00)"
A024,uniwersalny,0.2486,0.3055,0.1788,0.8347,0.3298,13859.0,27.9,9,"przystanek_tramwaj(+0.73), przystanek_autobus(+0.64), plac_zabaw(+0.46)","biblioteka(0.00), stacja_kolej_metro(0.00), galeria(0.00)"
A025,rodzinny,0.3037,0.6595,1.0,0.6988,0.6731,12237.0,67.1,6,"sklep(+0.68), przystanek_autobus(+0.67), szkola_przedszkole(+0.65)","klub(-0.03), pub(-0.01), przystanek_tramwaj(0.00)"
A025,studencki,0.2233,0.6595,1.0,0.6988,0.5551,12237.0,67.1,6,"sklep(+0.68), przystanek_autobus(+0.67), park(+0.39)","przystanek_tramwaj(0.00), stacja_kolej_metro(0.00), galeria(0.00)"
A025,singiel,0.2407,0.6595,1.0,0.6988,0.6759,12237.0,67.1,6,"sklep(+0.68), przystanek_autobus(+0.67), park(+0.39)","przystanek_tramwaj(0.00), stacja_kolej_metro(0.00), galeria(0.00)"
A025,wlasciciel_psa,0.2911,0.6595,1.0,0.6988,0.5978,12237.0,67.1,6,"sklep(+0.68), przystanek_autobus(+0.67), park(+0.60)","klub(-0.01), pub(-0.00), przystanek_tramwaj(0.00)"
A025,uniwersalny,0.2891,0.6595,1.0,0.6988,0.6564,12237.0,67.1,6,"sklep(+0.68), przystanek_autobus(+0.67), plac_zabaw(+0.42)","przystanek_tramwaj(0.00), stacja_kolej_metro(0.00), galeria(0.00)"
A026,rodzinny,0.7738,0.0986,0.7275,0.5507,0.6091,14807.0,54.1,4,"sklep(+1.00), przystanek_autobus(+1.00), szkola_przedszkole(+1.00)","klub(-0.50), pub(-0.30), stacja_kolej_metro(0.00)"
A026,studencki,0.8966,0.0986,1.0,0.5507,0.6207,14807.0,54.1,4,"sklep(+1.00), przystanek_autobus(+1.00), pub(+1.00)","stacja_kolej_metro(0.00), galeria(0.00), plac_zabaw(0.00)"
A026,singiel,0.8884,0.0986,1.0,0.5507,0.6342,14807.0,54.1,4,"sklep(+1.00), kawiarnia_restauracja(+1.00), przystanek_autobus(+1.00)","stacja_kolej_metro(0.00), szkola_przedszkole(0.00), galeria(0.00)"
A026,wlasciciel_psa,0.8292,0.0986,0.97,0.5507,0.7114,14807.0,54.1,4,"sklep(+1.00), przystanek_autobus(+1.00), park(+1.00)","klub(-0.20), pub(-0.10), stacja_kolej_metro(0.00)"
A026,uniwersalny,0.8882,0.0986,0.9727,0.5507,0.6655,14807.0,54.1,4,"sklep(+1.00), przystanek_autobus(+1.00), apteka(+1.00)","stacja_kolej_metro(0.00), galeria(0.00), klub(0.35)"
A027,rodzinny,0.4592,0.1802,0.325,0.5507,0.3543,14433.0,38.0,4,"sklep(+1.00), szkola_przedszkole(+0.95), przystanek_autobus(+0.93)","pub(-0.00), stacja_kolej_metro(0.00), klub(-0.00)"
A027,studencki,0.3243,0.1802,0.72,0.5507,0.3643,14433.0,38.0,4,"sklep(+1.00), przystanek_autobus(+0.93), park(+0.52)","uczelnia(0.00), stacja_kolej_metro(0.00), galeria(0.00)"
A027,singiel,0.3628,0.1802,0.72,0.5507,0.4333,14433.0,38.0,4,"sklep(+1.00), przystanek_autobus(+0.93), kawiarnia_restauracja(+0.53)","stacja_kolej_metro(0.00), szkola_przedszkole(0.00), galeria(0.00)"
A027,wlasciciel_psa,0.4341,0.1802,0.4333,0.5507,0.3889,14433.0,38.0,4,"sklep(+1.00), przystanek_autobus(+0.93), park(+0.79)","pub(-0.00), stacja_kolej_metro(0.00), galeria(0.00)"
A027,uniwersalny,0.4372,0.1802,0.4848,0.5507,0.4043,14433.0,38.0,4,"sklep(+1.00), przystanek_autobus(+0.93), plac_zabaw(+0.65)","stacja_kolej_metro(0.00), galeria(0.00), klub(0.00)"
A028,rodzinny,0.381,0.4478,0.68,0.7534,0.5326,13207.0,52.2,7,"szkola_przedszkole(+0.95), sklep(+0.95), przystanek_tramwaj(+0.87)","stacja_kolej_metro(0.00), silownia(0.00), galeria(0.00)"
A028,studencki,0.2556,0.4478,1.0,0.7534,0.4966,13207.0,52.2,7,"sklep(+0.95), przystanek_tramwaj(+0.87), przystanek_autobus(+0.72)","uczelnia(0.00), biblioteka(0.00), stacja_kolej_metro(0.00)"
A028,singiel,0.2812,0.4478,1.0,0.7534,0.6147,13207.0,52.2,7,"sklep(+0.95), przystanek_tramwaj(+0.87), przystanek_autobus(+0.72)","silownia(0.00), stacja_kolej_metro(0.00), pub(0.00)"
A028,wlasciciel_psa,0.3444,0.4478,0.9067,0.7534,0.5542,13207.0,52.2,7,"sklep(+0.95), przystanek_tramwaj(+0.87), przystanek_autobus(+0.72)","stacja_kolej_metro(0.00), klub(-0.00), silownia(0.00)"
A028,uniwersalny,0.358,0.4478,0.9152,0.7534,0.6069,13207.0,52.2,7,"sklep(+0.95), przystanek_tramwaj(+0.87), przystanek_autobus(+0.72)","biblioteka(0.00), stacja_kolej_metro(0.00), galeria(0.00)"
A029,rodzinny,0.6079,0.6001,0.4225,0.4512,0.5244,12509.0,41.9,3,"przystanek_tramwaj(+1.00), sklep(+1.00), przystanek_autobus(+1.00)","klub(-0.43), pub(-0.30), stacja_kolej_metro(0.00)"
A029,studencki,0.7343,0.6001,0.876,0.4512,0.7015,12509.0,41.9,3,"przystanek_tramwaj(+1.00), sklep(+1.00), przystanek_autobus(+1.00)","stacja_kolej_metro(0.00), galeria(0.00), plac_zabaw(0.00)"
A029,singiel,0.7439,0.6001,0.876,0.4512,0.7252,12509.0,41.9,3,"przystanek_tramwaj(+1.00), sklep(+1.00), przystanek_autobus(+1.00)","stacja_kolej_metro(0.00), szkola_przedszkole(0.00), galeria(0.00)"
A029,wlasciciel_psa,0.6242,0.6001,0.5633,0.4512,0.5925,12509.0,41.9,3,"przystanek_tramwaj(+1.00), sklep(+1.00), przystanek_autobus(+1.00)","klub(-0.17), pub(-0.10), stacja_kolej_metro(0.00)"
A029,uniwersalny,0.7003,0.6001,0.603,0.4512,0.6087,12509.0,41.9,3,"przystanek_tramwaj(+1.00), sklep(+1.00), przystanek_autobus(+1.00)","stacja_kolej_metro(0.00), galeria(0.00), weterynarz(0.05)"
A030,rodzinny,0.8041,0.7441,0.5,0.7981,0.6702,11849.0,45.0,8,"sklep(+1.00), szkola_przedszkole(+1.00), przystanek_autobus(+1.00)","pub(-0.29), klub(-0.10), stacja_kolej_metro(0.00)"
A030,studencki,0.8064,0.7441,1.0,0.7981,0.8229,11849.0,45.0,8,"sklep(+1.00), przystanek_autobus(+1.00), przystanek_tramwaj(+1.00)","stacja_kolej_metro(0.00), galeria(0.00), plac_zabaw(0.00)"
A030,singiel,0.8201,0.7441,1.0,0.7981,0.8554,11849.0,45.0,8,"sklep(+1.00), kawiarnia_restauracja(+1.00), przystanek_autobus(+1.00)","stacja_kolej_metro(0.00), szkola_przedszkole(0.00), galeria(0.00)"
A030,wlasciciel_psa,0.8527,0.7441,0.6667,0.7981,0.7725,11849.0,45.0,8,"sklep(+1.00), przystanek_autobus(+1.00), park(+1.00)","pub(-0.10), klub(-0.04), stacja_kolej_metro(0.00)"
A030,uniwersalny,0.8671,0.7441,0.697,0.7981,0.775,11849.0,45.0,8,"sklep(+1.00), przystanek_autobus(+1.00), przystanek_tramwaj(+1.00)","stacja_kolej_metro(0.00), galeria(0.00), klub(0.07)"
A031,rodzinny,0.2142,1.0,0.7025,0.7534,0.5936,10286.0,53.1,7,"przystanek_tramwaj(+0.69), przystanek_autobus(+0.50), szkola_przedszkole(+0.34)","pub(-0.05), stacja_kolej_metro(0.00), klub(-0.00)"
A031,studencki,0.1842,1.0,1.0,0.7534,0.6614,10286.0,53.1,7,"przystanek_tramwaj(+0.69), przystanek_autobus(+0.50), sklep(+0.19)","uczelnia(0.00), stacja_kolej_metro(0.00), galeria(0.00)"
A031,singiel,0.2061,1.0,1.0,0.7534,0.7892,10286.0,53.1,7,"przystanek_tramwaj(+0.69), przystanek_autobus(+0.50), kawiarnia_restauracja(+0.20)","stacja_kolej_metro(0.00), szkola_przedszkole(0.00), galeria(0.00)"
A031,wlasciciel_psa,0.2188,1.0,0.9367,0.7534,0.6171,10286.0,53.1,7,"przystanek_tramwaj(+0.69), przystanek_autobus(+0.50), weterynarz(+0.21)","pub(-0.02), stacja_kolej_metro(0.00), galeria(0.00)"
A031,uniwersalny,0.2222,1.0,0.9424,0.7534,0.7124,10286.0,53.1,7,"przystanek_tramwaj(+0.69), przystanek_autobus(+0.50), szkola_przedszkole(+0.22)","stacja_kolej_metro(0.00), galeria(0.00), klub(0.00)"
A032,rodzinny,0.1607,0.1204,0.9075,0.6988,0.4783,14707.0,61.3,6,"szkola_przedszkole(+0.53), przystanek_autobus(+0.43), plac_zabaw(+0.34)","szpital_przychodnia(0.00), stacja_kolej_metro(0.00), przystanek_tramwaj(0.00)"
A032,studencki,0.1022,0.1204,1.0,0.6988,0.318,14707.0,61.3,6,"przystanek_autobus(+0.43), sklep(+0.25), uczelnia(+0.22)","szpital_przychodnia(0.00), stacja_kolej_metro(0.00), przystanek_tramwaj(0.00)"
A032,singiel,0.0884,0.1204,1.0,0.6988,0.4492,14707.0,61.3,6,"przystanek_autobus(+0.43), sklep(+0.25), park(+0.16)","szpital_przychodnia(0.00), silownia(0.00), przystanek_tramwaj(0.00)"
A032,wlasciciel_psa,0.1317,0.1204,1.0,0.6988,0.4183,14707.0,61.3,6,"przystanek_autobus(+0.43), sklep(+0.25), park(+0.25)","szpital_przychodnia(0.00), stacja_kolej_metro(0.00), przystanek_tramwaj(0.00)"
A032,uniwersalny,0.1432,0.1204,1.0,0.6988,0.4779,14707.0,61.3,6,"przystanek_autobus(+0.43), szkola_przedszkole(+0.34), plac_zabaw(+0.34)","szpital_przychodnia(0.00), stacja_kolej_metro(0.00), przystanek_tramwaj(0.00)"
A033,rodzinny,0.6864,1.0,1.0,0.7981,0.8801,8590.0,69.3,8,"przystanek_autobus(+1.00), sklep(+1.00), szkola_przedszkole(+1.00)","pub(-0.07), stacja_kolej_metro(0.00), klub(-0.00)"
A033,studencki,0.5701,1.0,1.0,0.7981,0.8179,8590.0,69.3,8,"przystanek_autobus(+1.00), sklep(+1.00), silownia(+0.95)","stacja_kolej_metro(0.00), klub(0.00), galeria(0.00)"
A033,singiel,0.626,1.0,1.0,0.7981,0.8964,8590.0,69.3,8,"przystanek_autobus(+1.00), sklep(+1.00), silownia(+0.95)","stacja_kolej_metro(0.00), szkola_przedszkole(0.00), galeria(0.00)"
A033,wlasciciel_psa,0.6975,1.0,1.0,0.7981,0.8538,8590.0,69.3,8,"przystanek_autobus(+1.00), sklep(+1.00), przystanek_tramwaj(+0.91)","pub(-0.02), stacja_kolej_metro(0.00), galeria(0.00)"
A033,uniwersalny,0.7,1.0,1.0,0.7981,0.8797,8590.0,69.3,8,"przystanek_autobus(+1.00), sklep(+1.00), przystanek_tramwaj(+0.91)","stacja_kolej_metro(0.00), galeria(0.00), klub(0.00)"
A034,rodzinny,0.7587,0.7474,1.0,0.6321,0.8466,11834.0,71.9,5,"sklep(+1.00), szkola_przedszkole(+1.00), przystanek_tramwaj(+1.00)","pub(-0.05), stacja_kolej_metro(0.00), klub(-0.00)"
A034,studencki,0.6095,0.7474,1.0,0.6321,0.737,11834.0,71.9,5,"sklep(+1.00), przystanek_tramwaj(+1.00), przystanek_autobus(+0.95)","uczelnia(0.00), stacja_kolej_metro(0.00), galeria(0.00)"
A034,singiel,0.665,0.7474,1.0,0.6321,0.8094,11834.0,71.9,5,"sklep(+1.00), przystanek_tramwaj(+1.00), kawiarnia_restauracja(+0.99)","stacja_kolej_metro(0.00), szkola_przedszkole(0.00), galeria(0.00)"
A034,wlasciciel_psa,0.7759,0.7474,1.0,0.6321,0.8302,11834.0,71.9,5,"sklep(+1.00), przystanek_tramwaj(+1.00), weterynarz(+0.98)","pub(-0.02), stacja_kolej_metro(0.00), galeria(0.00)"
A034,uniwersalny,0.7658,0.7474,1.0,0.6321,0.8114,11834.0,71.9,5,"sklep(+1.00), przystanek_tramwaj(+1.00), przystanek_autobus(+0.95)","stacja_kolej_metro(0.00), galeria(0.00), klub(0.00)"
A035,rodzinny,0.7008,0.5375,0.4875,0.0,0.5478,12796.0,44.5,0,"sklep(+1.00), przystanek_autobus(+1.00), szkola_przedszkole(+1.00)","pub(-0.26), stacja_kolej_metro(0.00), klub(-0.00)"
A035,studencki,0.6413,0.5375,0.98,0.0,0.6406,12796.0,44.5,0,"sklep(+1.00), przystanek_autobus(+1.00), przystanek_tramwaj(+1.00)","stacja_kolej_metro(0.00), klub(0.00), galeria(0.00)"
A035,singiel,0.6961,0.5375,0.98,0.0,0.7051,12796.0,44.5,0,"sklep(+1.00), przystanek_autobus(+1.00), kawiarnia_restauracja(+1.00)","stacja_kolej_metro(0.00), szkola_przedszkole(0.00), galeria(0.00)"
A035,wlasciciel_psa,0.729,0.5375,0.65,0.0,0.6306,12796.0,44.5,0,"sklep(+1.00), przystanek_autobus(+1.00), przystanek_tramwaj(+1.00)","pub(-0.09), stacja_kolej_metro(0.00), galeria(0.00)"
A035,uniwersalny,0.7487,0.5375,0.6818,0.0,0.5635,12796.0,44.5,0,"sklep(+1.00), przystanek_autobus(+1.00), przystanek_tramwaj(+1.00)","stacja_kolej_metro(0.00), galeria(0.00), klub(0.00)"
A036,rodzinny,0.6922,0.2642,0.4,0.7534,0.4928,14048.0,41.0,7,"sklep(+1.00), apteka(+0.99), szkola_przedszkole(+0.98)","pub(-0.26), stacja_kolej_metro(0.00), klub(-0.00)"
A036,studencki,0.6104,0.2642,0.84,0.7534,0.5423,14048.0,41.0,7,"sklep(+1.00), apteka(+0.99), przystanek_tramwaj(+0.97)","stacja_kolej_metro(0.00), klub(0.00), galeria(0.00)"
A036,singiel,0.6726,0.2642,0.84,0.7534,0.5923,14048.0,41.0,7,"sklep(+1.00), kawiarnia_restauracja(+1.00), apteka(+0.99)","stacja_kolej_metro(0.00), szkola_przedszkole(0.00), galeria(0.00)"
A036,wlasciciel_psa,0.7238,0.2642,0.5333,0.7534,0.5762,14048.0,41.0,7,"sklep(+1.00), apteka(+0.99), przystanek_tramwaj(+0.97)","pub(-0.09), stacja_kolej_metro(0.00), galeria(0.00)"
A036,uniwersalny,0.7318,0.2642,0.5758,0.7534,0.5713,14048.0,41.0,7,"sklep(+1.00), apteka(+0.99), przystanek_tramwaj(+0.97)","stacja_kolej_metro(0.00), galeria(0.00), klub(0.00)"
A037,rodzinny,0.6367,0.0,0.61,0.8347,0.5086,15671.0,49.4,9,"sklep(+1.00), szkola_przedszkole(+1.00), park(+1.00)","klub(-0.36), pub(-0.29), stacja_kolej_metro(0.00)"
A037,studencki,0.7125,0.0,1.0,0.8347,0.5267,15671.0,49.4,9,"sklep(+1.00), pub(+0.97), przystanek_tramwaj(+0.90)","stacja_kolej_metro(0.00), galeria(0.00), plac_zabaw(0.00)"
A037,singiel,0.7285,0.0,1.0,0.8347,0.5739,15671.0,49.4,9,"kawiarnia_restauracja(+1.00), sklep(+1.00), pub(+0.97)","stacja_kolej_metro(0.00), szkola_przedszkole(0.00), galeria(0.00)"
A037,wlasciciel_psa,0.6654,0.0,0.8133,0.8347,0.5852,15671.0,49.4,9,"sklep(+1.00), park(+1.00), przystanek_tramwaj(+0.90)","klub(-0.14), pub(-0.10), stacja_kolej_metro(0.00)"
A037,uniwersalny,0.7252,0.0,0.8303,0.8347,0.5918,15671.0,49.4,9,"sklep(+1.00), przystanek_tramwaj(+0.90), przystanek_autobus(+0.87)","stacja_kolej_metro(0.00), galeria(0.00), klub(0.25)"
A038,rodzinny,0.3227,0.2119,0.62,0.4512,0.4259,14288.0,49.8,3,"sklep(+0.95), przystanek_autobus(+0.87), park(+0.55)","klub(-0.08), pub(-0.05), stacja_kolej_metro(0.00)"
A038,studencki,0.2892,0.2119,1.0,0.4512,0.4124,14288.0,49.8,3,"sklep(+0.95), przystanek_autobus(+0.87), park(+0.36)","stacja_kolej_metro(0.00), galeria(0.00), plac_zabaw(0.00)"
A038,singiel,0.2987,0.2119,1.0,0.4512,0.5214,14288.0,49.8,3,"sklep(+0.95), przystanek_autobus(+0.87), park(+0.36)","stacja_kolej_metro(0.00), szkola_przedszkole(0.00), galeria(0.00)"
A038,wlasciciel_psa,0.3144,0.2119,0.8267,0.4512,0.4544,14288.0,49.8,3,"sklep(+0.95), przystanek_autobus(+0.87), park(+0.55)","klub(-0.03), pub(-0.02), stacja_kolej_metro(0.00)"
A038,uniwersalny,0.3276,0.2119,0.8424,0.4512,0.4717,14288.0,49.8,3,"sklep(+0.95), przystanek_autobus(+0.87), plac_zabaw(+0.46)","stacja_kolej_metro(0.00), galeria(0.00), pub(0.05)"
A039,rodzinny,0.1532,0.7166,0.3175,0.6321,0.3555,11975.0,37.7,5,"przystanek_autobus(+1.00), szkola_przedszkole(+0.46), plac_zabaw(+0.31)","szpital_przychodnia(0.00), apteka(0.00), przystanek_tramwaj(0.00)"
A039,studencki,0.1052,0.7166,0.708,0.6321,0.4661,11975.0,37.7,5,"przystanek_autobus(+1.00), uczelnia(+0.14), bank_atm(+0.09)","szpital_przychodnia(0.00), apteka(0.00), przystanek_tramwaj(0.00)"
A039,singiel,0.1013,0.7166,0.708,0.6321,0.5555,11975.0,37.7,5,"przystanek_autobus(+1.00), bank_atm(+0.09), park(+0.08)","szpital_przychodnia(0.00), apteka(0.00), przystanek_tramwaj(0.00)"
A039,wlasciciel_psa,0.1277,0.7166,0.4233,0.6321,0.3594,11975.0,37.7,5,"przystanek_autobus(+1.00), plac_zabaw(+0.16), szkola_przedszkole(+0.16)","szpital_przychodnia(0.00), apteka(0.00), przystanek_tramwaj(0.00)"
A039,uniwersalny,0.1405,0.7166,0.4758,0.6321,0.4589,11975.0,37.7,5,"przystanek_autobus(+1.00), plac_zabaw(+0.31), szkola_przedszkole(+0.30)","szpital_przychodnia(0.00), apteka(0.00), przystanek_tramwaj(0.00)"
